UPDATE league_season SET end_date = NOW();

INSERT INTO league_season (id, league_id, leaderboard_id, name_key, start_date, end_date) VALUES
  (3, 1, 3, "2v2League.season.2", NOW(), NULL),
  (4, 2, 2, "1v1League.season.2", NOW(), NULL);

INSERT INTO league_season_division (id, league_season_id, division_index, description_key, name_key) VALUES
  (13, 3, 1, "2v2Season2.division.1", "bronze"),
  (14, 3, 2, "2v2Season2.division.2", "silver"),
  (15, 3, 3, "2v2Season2.division.3", "gold"),
  (16, 3, 4, "2v2Season2.division.4", "diamond"),
  (17, 3, 5, "2v2Season2.division.5", "master"),
  (18, 3, 6, "2v2Season2.division.6", "grandmaster"),
  (19, 4, 1, "1v1Season2.division.1", "bronze"),
  (20, 4, 2, "1v1Season2.division.2", "silver"),
  (21, 4, 3, "1v1Season2.division.3", "gold"),
  (22, 4, 4, "1v1Season2.division.4", "diamond"),
  (23, 4, 5, "1v1Season2.division.5", "master"),
  (24, 4, 6, "1v1Season2.division.6", "grandmaster");

INSERT INTO league_season_division_subdivision (league_season_division_id, subdivision_index, description_key, name_key, min_rating, max_rating, highest_score) VALUES
  (13, 1, "2v2Season2.subdivision.1.1", "V", -1000, -600, 10),
  (13, 2, "2v2Season2.subdivision.1.2", "IV", -600, -500, 10),
  (13, 3, "2v2Season2.subdivision.1.3", "III", -500, -400, 10),
  (13, 4, "2v2Season2.subdivision.1.4", "II", -400, -300, 10),
  (13, 5, "2v2Season2.subdivision.1.5", "I", -300, -200, 10),
  (14, 1, "2v2Season2.subdivision.2.1", "V", -200, -100, 10),
  (14, 2, "2v2Season2.subdivision.2.2", "IV", -100, -0, 10),
  (14, 3, "2v2Season2.subdivision.2.3", "III", 0, 100, 10),
  (14, 4, "2v2Season2.subdivision.2.4", "II", 100, 200, 10),
  (14, 5, "2v2Season2.subdivision.2.5", "I", 200, 300, 10),
  (15, 1, "2v2Season2.subdivision.3.1", "V", 300, 400, 10),
  (15, 2, "2v2Season2.subdivision.3.2", "IV", 400, 500, 10),
  (15, 3, "2v2Season2.subdivision.3.3", "III", 500, 600, 10),
  (15, 4, "2v2Season2.subdivision.3.4", "II", 600, 700, 10),
  (15, 5, "2v2Season2.subdivision.3.5", "I", 700, 800, 10),
  (16, 1, "2v2Season2.subdivision.4.1", "V", 800, 900, 10),
  (16, 2, "2v2Season2.subdivision.4.2", "IV", 900, 1000, 10),
  (16, 3, "2v2Season2.subdivision.4.3", "III", 1000, 1100, 10),
  (16, 4, "2v2Season2.subdivision.4.4", "III", 1100, 1200, 10),
  (16, 5, "2v2Season2.subdivision.4.5", "I", 1200, 1300, 10),
  (17, 1, "2v2Season2.subdivision.5.1", "V", 1300, 1400, 10),
  (17, 2, "2v2Season2.subdivision.5.2", "IV", 1400, 1500, 10),
  (17, 3, "2v2Season2.subdivision.5.3", "III", 1500, 1600, 10),
  (17, 4, "2v2Season2.subdivision.5.4", "II", 1600, 1700, 10),
  (17, 5, "2v2Season2.subdivision.5.5", "I", 1700, 1800, 10),
  (18, 1, "2v2Season2.subdivision.6.1", "", 1800, 3000, 120),
  (19, 1, "1v1Season2.subdivision.1.1", "V", -1000, -600, 10),
  (19, 2, "1v1Season2.subdivision.1.2", "IV", -600, -500, 10),
  (19, 3, "1v1Season2.subdivision.1.3", "III", -500, -400, 10),
  (19, 4, "1v1Season2.subdivision.1.4", "II", -400, -300, 10),
  (19, 5, "1v1Season2.subdivision.1.5", "I", -300, -200, 10),
  (20, 1, "1v1Season2.subdivision.2.1", "V", -200, -100, 10),
  (20, 2, "1v1Season2.subdivision.2.2", "IV", -100, -0, 10),
  (20, 3, "1v1Season2.subdivision.2.3", "III", 0, 100, 10),
  (20, 4, "1v1Season2.subdivision.2.4", "II", 100, 200, 10),
  (20, 5, "1v1Season2.subdivision.2.5", "I", 200, 300, 10),
  (21, 1, "1v1Season2.subdivision.3.1", "V", 300, 400, 10),
  (21, 2, "1v1Season2.subdivision.3.2", "IV", 400, 500, 10),
  (21, 3, "1v1Season2.subdivision.3.3", "III", 500, 600, 10),
  (21, 4, "1v1Season2.subdivision.3.4", "II", 600, 700, 10),
  (21, 5, "1v1Season2.subdivision.3.5", "I", 700, 800, 10),
  (22, 1, "1v1Season2.subdivision.4.1", "V", 800, 900, 10),
  (22, 2, "1v1Season2.subdivision.4.2", "IV", 900, 1000, 10),
  (22, 3, "1v1Season2.subdivision.4.3", "III", 1000, 1100, 10),
  (22, 4, "1v1Season2.subdivision.4.4", "II", 1100, 1200, 10),
  (22, 5, "1v1Season2.subdivision.4.5", "I", 1200, 1300, 10),
  (23, 1, "1v1Season2.subdivision.5.1", "V", 1300, 1400, 10),
  (23, 2, "1v1Season2.subdivision.5.2", "IV", 1400, 1500, 10),
  (23, 3, "1v1Season2.subdivision.5.3", "III", 1500, 1600, 10),
  (23, 4, "1v1Season2.subdivision.5.4", "II", 1600, 1700, 10),
  (23, 5, "1v1Season2.subdivision.5.5", "I", 1700, 1800, 10),
  (24, 1, "1v1Season2.subdivision.6.1", "", 1800, 3000, 120);
