SET time_zone='+00:00';

-- season starts and ends at noon, so that all timezones see the same date in the client
INSERT INTO league_season (id, league_id, leaderboard_id, placement_games, season_number, name_key, start_date, end_date) VALUES
  (5, 1, 2, 10, 2, "1v1_season", "2022-04-01 12:00:00", "2022-06-30 12:00:00"),
  (6, 2, 3, 10, 2, "2v2_season", "2022-04-01 12:00:00", "2022-06-30 12:00:00"),
  (7, 3, 4, 10, 2, "4v4_fs_season", "2022-04-01 12:00:00", "2022-06-30 12:00:00"),
  (8, 4, 5, 10, 2, "4v4_sud_season", "2022-04-01 12:00:00", "2022-06-30 12:00:00");

INSERT INTO league_season_division (id, league_season_id, division_index, description_key, name_key) VALUES
  ( 1 + 24, 5, 1, "1v1_season_2.division.1", "bronze"),
  ( 2 + 24, 5, 2, "1v1_season_2.division.2", "silver"),
  ( 3 + 24, 5, 3, "1v1_season_2.division.3", "gold"),
  ( 4 + 24, 5, 4, "1v1_season_2.division.4", "diamond"),
  ( 5 + 24, 5, 5, "1v1_season_2.division.5", "master"),
  ( 6 + 24, 5, 6, "1v1_season_2.division.6", "grandmaster"),
  ( 7 + 24, 6, 1, "2v2_season_2.division.1", "bronze"),
  ( 8 + 24, 6, 2, "2v2_season_2.division.2", "silver"),
  ( 9 + 24, 6, 3, "2v2_season_2.division.3", "gold"),
  (10 + 24, 6, 4, "2v2_season_2.division.4", "diamond"),
  (11 + 24, 6, 5, "2v2_season_2.division.5", "master"),
  (12 + 24, 6, 6, "2v2_season_2.division.6", "grandmaster"),
  (13 + 24, 7, 1, "4v4_fs_season_2.division.1", "bronze"),
  (14 + 24, 7, 2, "4v4_fs_season_2.division.2", "silver"),
  (15 + 24, 7, 3, "4v4_fs_season_2.division.3", "gold"),
  (16 + 24, 7, 4, "4v4_fs_season_2.division.4", "diamond"),
  (17 + 24, 7, 5, "4v4_fs_season_2.division.5", "master"),
  (18 + 24, 7, 6, "4v4_fs_season_2.division.6", "grandmaster"),
  (19 + 24, 8, 1, "4v4_sud_season_2.division.1", "bronze"),
  (20 + 24, 8, 2, "4v4_sud_season_2.division.2", "silver"),
  (21 + 24, 8, 3, "4v4_sud_season_2.division.3", "gold"),
  (22 + 24, 8, 4, "4v4_sud_season_2.division.4", "diamond"),
  (23 + 24, 8, 5, "4v4_sud_season_2.division.5", "master"),
  (24 + 24, 8, 6, "4v4_sud_season_2.division.6", "grandmaster");

INSERT INTO league_season_division_subdivision (league_season_division_id, subdivision_index, description_key, min_rating, max_rating, highest_score, name_key) VALUES
  ( 1 + 24, 1, "1v1_season_2.subdivision.1.1", -800,  -40, 10, "V"),
  ( 1 + 24, 2, "1v1_season_2.subdivision.1.2",  -40,   45, 10, "IV"),
  ( 1 + 24, 3, "1v1_season_2.subdivision.1.3",   45,  130, 10, "III"),
  ( 1 + 24, 4, "1v1_season_2.subdivision.1.4",  130,  215, 10, "II"),
  ( 1 + 24, 5, "1v1_season_2.subdivision.1.5",  215,  300, 10, "I"),
  ( 2 + 24, 1, "1v1_season_2.subdivision.2.1",  300,  385, 10, "V"),
  ( 2 + 24, 2, "1v1_season_2.subdivision.2.2",  385,  470, 10, "IV"),
  ( 2 + 24, 3, "1v1_season_2.subdivision.2.3",  470,  555, 10, "III"),
  ( 2 + 24, 4, "1v1_season_2.subdivision.2.4",  555,  640, 10, "II"),
  ( 2 + 24, 5, "1v1_season_2.subdivision.2.5",  640,  725, 10, "I"),
  ( 3 + 24, 1, "1v1_season_2.subdivision.3.1",  725,  810, 10, "V"),
  ( 3 + 24, 2, "1v1_season_2.subdivision.3.2",  810,  895, 10, "IV"),
  ( 3 + 24, 3, "1v1_season_2.subdivision.3.3",  895,  980, 10, "III"),
  ( 3 + 24, 4, "1v1_season_2.subdivision.3.4",  980, 1065, 10, "II"),
  ( 3 + 24, 5, "1v1_season_2.subdivision.3.5", 1065, 1150, 10, "I"),
  ( 4 + 24, 1, "1v1_season_2.subdivision.4.1", 1150, 1235, 10, "V"),
  ( 4 + 24, 2, "1v1_season_2.subdivision.4.2", 1235, 1320, 10, "IV"),
  ( 4 + 24, 3, "1v1_season_2.subdivision.4.3", 1320, 1405, 10, "III"),
  ( 4 + 24, 4, "1v1_season_2.subdivision.4.4", 1405, 1490, 10, "II"),
  ( 4 + 24, 5, "1v1_season_2.subdivision.4.5", 1490, 1575, 10, "I"),
  ( 5 + 24, 1, "1v1_season_2.subdivision.5.1", 1575, 1660, 10, "V"),
  ( 5 + 24, 2, "1v1_season_2.subdivision.5.2", 1660, 1745, 10, "IV"),
  ( 5 + 24, 3, "1v1_season_2.subdivision.5.3", 1745, 1830, 10, "III"),
  ( 5 + 24, 4, "1v1_season_2.subdivision.5.4", 1830, 1915, 10, "II"),
  ( 5 + 24, 5, "1v1_season_2.subdivision.5.5", 1915, 2000, 10, "I"),
  ( 6 + 24, 1, "1v1_season_2.subdivision.6.1", 2000, 2850, 100, ""),
  ( 7 + 24, 1, "2v2_season_2.subdivision.1.1", -800,  -40, 10, "V"),
  ( 7 + 24, 2, "2v2_season_2.subdivision.1.2",  -40,   45, 10, "IV"),
  ( 7 + 24, 3, "2v2_season_2.subdivision.1.3",   45,  130, 10, "III"),
  ( 7 + 24, 4, "2v2_season_2.subdivision.1.4",  130,  215, 10, "II"),
  ( 7 + 24, 5, "2v2_season_2.subdivision.1.5",  215,  300, 10, "I"),
  ( 8 + 24, 1, "2v2_season_2.subdivision.2.1",  300,  385, 10, "V"),
  ( 8 + 24, 2, "2v2_season_2.subdivision.2.2",  385,  470, 10, "IV"),
  ( 8 + 24, 3, "2v2_season_2.subdivision.2.3",  470,  555, 10, "III"),
  ( 8 + 24, 4, "2v2_season_2.subdivision.2.4",  555,  640, 10, "II"),
  ( 8 + 24, 5, "2v2_season_2.subdivision.2.5",  640,  725, 10, "I"),
  ( 9 + 24, 1, "2v2_season_2.subdivision.3.1",  725,  810, 10, "V"),
  ( 9 + 24, 2, "2v2_season_2.subdivision.3.2",  810,  895, 10, "IV"),
  ( 9 + 24, 3, "2v2_season_2.subdivision.3.3",  895,  980, 10, "III"),
  ( 9 + 24, 4, "2v2_season_2.subdivision.3.4",  980, 1065, 10, "II"),
  ( 9 + 24, 5, "2v2_season_2.subdivision.3.5", 1065, 1150, 10, "I"),
  (10 + 24, 1, "2v2_season_2.subdivision.4.1", 1150, 1235, 10, "V"),
  (10 + 24, 2, "2v2_season_2.subdivision.4.2", 1235, 1320, 10, "IV"),
  (10 + 24, 3, "2v2_season_2.subdivision.4.3", 1320, 1405, 10, "III"),
  (10 + 24, 4, "2v2_season_2.subdivision.4.4", 1405, 1490, 10, "II"),
  (10 + 24, 5, "2v2_season_2.subdivision.4.5", 1490, 1575, 10, "I"),
  (11 + 24, 1, "2v2_season_2.subdivision.5.1", 1575, 1660, 10, "V"),
  (11 + 24, 2, "2v2_season_2.subdivision.5.2", 1660, 1745, 10, "IV"),
  (11 + 24, 3, "2v2_season_2.subdivision.5.3", 1745, 1830, 10, "III"),
  (11 + 24, 4, "2v2_season_2.subdivision.5.4", 1830, 1915, 10, "II"),
  (11 + 24, 5, "2v2_season_2.subdivision.5.5", 1915, 2000, 10, "I"),
  (12 + 24, 1, "2v2_season_2.subdivision.6.1", 2000, 2850, 100, ""),
  (13 + 24, 1, "4v4_fs_season_2.subdivision.1.1", -800,  -40, 10, "V"),
  (13 + 24, 2, "4v4_fs_season_2.subdivision.1.2",  -40,   45, 10, "IV"),
  (13 + 24, 3, "4v4_fs_season_2.subdivision.1.3",   45,  130, 10, "III"),
  (13 + 24, 4, "4v4_fs_season_2.subdivision.1.4",  130,  215, 10, "II"),
  (13 + 24, 5, "4v4_fs_season_2.subdivision.1.5",  215,  300, 10, "I"),
  (14 + 24, 1, "4v4_fs_season_2.subdivision.2.1",  300,  385, 10, "V"),
  (14 + 24, 2, "4v4_fs_season_2.subdivision.2.2",  385,  470, 10, "IV"),
  (14 + 24, 3, "4v4_fs_season_2.subdivision.2.3",  470,  555, 10, "III"),
  (14 + 24, 4, "4v4_fs_season_2.subdivision.2.4",  555,  640, 10, "II"),
  (14 + 24, 5, "4v4_fs_season_2.subdivision.2.5",  640,  725, 10, "I"),
  (15 + 24, 1, "4v4_fs_season_2.subdivision.3.1",  725,  810, 10, "V"),
  (15 + 24, 2, "4v4_fs_season_2.subdivision.3.2",  810,  895, 10, "IV"),
  (15 + 24, 3, "4v4_fs_season_2.subdivision.3.3",  895,  980, 10, "III"),
  (15 + 24, 4, "4v4_fs_season_2.subdivision.3.4",  980, 1065, 10, "II"),
  (15 + 24, 5, "4v4_fs_season_2.subdivision.3.5", 1065, 1150, 10, "I"),
  (16 + 24, 1, "4v4_fs_season_2.subdivision.4.1", 1150, 1235, 10, "V"),
  (16 + 24, 2, "4v4_fs_season_2.subdivision.4.2", 1235, 1320, 10, "IV"),
  (16 + 24, 3, "4v4_fs_season_2.subdivision.4.3", 1320, 1405, 10, "III"),
  (16 + 24, 4, "4v4_fs_season_2.subdivision.4.4", 1405, 1490, 10, "II"),
  (16 + 24, 5, "4v4_fs_season_2.subdivision.4.5", 1490, 1575, 10, "I"),
  (17 + 24, 1, "4v4_fs_season_2.subdivision.5.1", 1575, 1660, 10, "V"),
  (17 + 24, 2, "4v4_fs_season_2.subdivision.5.2", 1660, 1745, 10, "IV"),
  (17 + 24, 3, "4v4_fs_season_2.subdivision.5.3", 1745, 1830, 10, "III"),
  (17 + 24, 4, "4v4_fs_season_2.subdivision.5.4", 1830, 1915, 10, "II"),
  (17 + 24, 5, "4v4_fs_season_2.subdivision.5.5", 1915, 2000, 10, "I"),
  (18 + 24, 1, "4v4_fs_season_2.subdivision.6.1", 2000, 2850, 100, ""),
  (19 + 24, 1, "4v4_sud_season_2.subdivision.1.1", -800,  -40, 10, "V"),
  (19 + 24, 2, "4v4_sud_season_2.subdivision.1.2",  -40,   45, 10, "IV"),
  (19 + 24, 3, "4v4_sud_season_2.subdivision.1.3",   45,  130, 10, "III"),
  (19 + 24, 4, "4v4_sud_season_2.subdivision.1.4",  130,  215, 10, "II"),
  (19 + 24, 5, "4v4_sud_season_2.subdivision.1.5",  215,  300, 10, "I"),
  (20 + 24, 1, "4v4_sud_season_2.subdivision.2.1",  300,  385, 10, "V"),
  (20 + 24, 2, "4v4_sud_season_2.subdivision.2.2",  385,  470, 10, "IV"),
  (20 + 24, 3, "4v4_sud_season_2.subdivision.2.3",  470,  555, 10, "III"),
  (20 + 24, 4, "4v4_sud_season_2.subdivision.2.4",  555,  640, 10, "II"),
  (20 + 24, 5, "4v4_sud_season_2.subdivision.2.5",  640,  725, 10, "I"),
  (21 + 24, 1, "4v4_sud_season_2.subdivision.3.1",  725,  810, 10, "V"),
  (21 + 24, 2, "4v4_sud_season_2.subdivision.3.2",  810,  895, 10, "IV"),
  (21 + 24, 3, "4v4_sud_season_2.subdivision.3.3",  895,  980, 10, "III"),
  (21 + 24, 4, "4v4_sud_season_2.subdivision.3.4",  980, 1065, 10, "II"),
  (21 + 24, 5, "4v4_sud_season_2.subdivision.3.5", 1065, 1150, 10, "I"),
  (22 + 24, 1, "4v4_sud_season_2.subdivision.4.1", 1150, 1235, 10, "V"),
  (22 + 24, 2, "4v4_sud_season_2.subdivision.4.2", 1235, 1320, 10, "IV"),
  (22 + 24, 3, "4v4_sud_season_2.subdivision.4.3", 1320, 1405, 10, "III"),
  (22 + 24, 4, "4v4_sud_season_2.subdivision.4.4", 1405, 1490, 10, "II"),
  (22 + 24, 5, "4v4_sud_season_2.subdivision.4.5", 1490, 1575, 10, "I"),
  (23 + 24, 1, "4v4_sud_season_2.subdivision.5.1", 1575, 1660, 10, "V"),
  (23 + 24, 2, "4v4_sud_season_2.subdivision.5.2", 1660, 1745, 10, "IV"),
  (23 + 24, 3, "4v4_sud_season_2.subdivision.5.3", 1745, 1830, 10, "III"),
  (23 + 24, 4, "4v4_sud_season_2.subdivision.5.4", 1830, 1915, 10, "II"),
  (23 + 24, 5, "4v4_sud_season_2.subdivision.5.5", 1915, 2000, 10, "I"),
  (24 + 24, 1, "4v4_sud_season_2.subdivision.6.1", 2000, 2850, 100, "");